Wydarzenie,Data,Godzina,Miejsce,Miejsce_dokladne,Latitude,Longitude,Kategorie
Dni Bia≈Ço≈Çƒôki 2025,07.06.2025,11:00,Bia≈Ço≈Çƒôka,"R√≥≈ºne lokalizacje, wskazane poni≈ºej ;)",,,"dla dzieci, impreza, koncert, sport, targi, gara≈º√≥wka, warsztaty"
66. sezon Koncert√≥w Chopinowskich w ≈Åazienkach Kr√≥lewskich [godz. 12:00 i 16:00],18.05.2025,12:00,≈ör√≥dmie≈õcie,"Pomnik Fryderyka Chopina, ≈Åazienki Kr√≥lewskie w Warszawie",,,koncert
Express Human Rights Through Music,25.05.2025,13:00,≈ör√≥dmie≈õcie,"ul. Chmielna 26/22, Dunaj Instytut Dialogu",52.2321176,21.0134671,"spotkanie, warsztaty, inne, po angielsku"
VI Br√≥dnowski Festiwal Streetfoodu,18.05.2025,Brak,Targ√≥wek,Park Br√≥dnowski,52.290394,21.0369106,inne
Adoptuj flaminga! üòâ,Brak,Brak,Brak,Brak szczeg√≥≈Çowych danych,,,Brak
≈öwiƒôto Saskiej Kƒôpy 2025,24.05.2025,11:00,Praga-Po≈Çudnie,ul. Francuska,52.2360107,21.0533426,"dla dzieci, impreza, koncert, sport, targi, gara≈º√≥wka, warsztaty"
Festiwal 39. Warszawskie Spotkania Muzyczne,17.05.2025,Brak,Mokot√≥w,"r√≥≈ºne lokalizacje, wskazane poni≈ºej :)",,,koncert
MEETUP 404: GOV & NGOs ‚Äì edycja o marketingu dla sektora publicznego,22.05.2025,17:00,Praga-P√≥≈Çnoc,"Przestrzenie Bruna, ul. Bia≈Çostocka 22",52.254878,21.0402217,"spotkanie, wyk≈Çad"
Tradycyjny Jam Session Mistrz√≥w w Noc Muze√≥w,Brak,20:00,Praga-Po≈Çudnie,"PROM Kultury Saska Kƒôpa, ul. Brukselska 23",52.2256799,21.0600276,koncert
Festiwal Grzesiuka 2025,18.05.2025,20:30,Mokot√≥w,"R√≥≈ºne lokalizacje, wskazane poni≈ºej :)",,,"dla dzieci, impreza, koncert, spacer, spotkanie, teatr, warsztaty"
Koncert ≈ÅONA x KONIECZNY x KRUPA | Wielkie Otwarcie Pokoju na lato,Brak,21:30,≈ör√≥dmie≈õcie,"Pok√≥j na lato, ul. Grzybowska 79",52.2328232,20.9810095,"impreza, koncert"
Noc Muze√≥w 2025 w Warszawie,Brak,19:00,≈ör√≥dmie≈õcie,r√≥≈ºne lokalizacje w kilku dzielnicach :),,,"dla dzieci, dla senior√≥w, film, impreza, koncert, slajdowisko, spacer, spotkanie, stand-up, kabaret, impro, teatr, warsztaty, wyk≈Çad, wystawa, inne"
Inny Wymiar S≈Çuchania ‚Äì o muzyce i z muzykƒÖ / Sulamita ≈ölubowska,19.05.2025,19:00,Praga-Po≈Çudnie,"PROM Kultury Saska Kƒôpa, ul. Brukselska 23",52.2256799,21.0600276,"koncert, spotkanie"
IV Wilanowski Festiwal Streetfoodu,23.05.2025,15:00,Brak,Pla≈ºa Wilan√≥w,52.1657208,21.0825203,inne
Dni Bemowa 2025,13.06.2025,12:00,Bemowo,"Lotnisko Bemowo,",52.2648712,20.9223201,"impreza, koncert"
V Ochocki Festiwal Streetfoodu,18.05.2025,12:00,Ochota,Park Szczƒô≈õliwicki,52.2053034,20.9593665,inne
CYBER-WAWER 5,07.06.2025,14:00,Wawer,"Biblioteka Publiczna w Dzielnicy Wawer m.st. Warszawy, ul. Walcownicza 2",52.1610071,21.213256,"dla dzieci, dla senior√≥w, film, impreza, spotkanie, warsztaty, wyk≈Çad, inne"
Mecz Polonia Warszawa - ≈ÅKS ≈Å√≥d≈∫ + atrakcje z okazji Dnia Dziecka,Brak,15:30,≈ör√≥dmie≈õcie,"Stadion Polonii Warszawa, Konwiktorska 6",52.2554353,21.0008517,"dla dzieci, impreza, sport"
Koncert Viki Gabor - Dni Konstancina-Jeziorny 2025,08.06.2025,21:00,okolice Warszawy,"Amfiteatr, Park Zdrojowy, Konstancin-jeziorna",,,koncert
Warszawa Ja i Ty | Pokazy w Multimedialnym Parku Fontann,17.05.2025,Brak,≈ör√≥dmie≈õcie,Multimedialny Park Fontann w Warszawie,,,"dla dzieci, inne"
Noc Muze√≥w z MartƒÖ Janik w Galerii ≈örodek,Brak,18:00,Praga-P√≥≈Çnoc,"≈örodek, Targowa 48",52.2514228,21.0397772,"spotkanie, targi, gara≈º√≥wka, warsztaty, wystawa"
"Spacer po powojennych osiedlach Praga I, II i III",18.05.2025,15:00,Praga-P√≥≈Çnoc,"Pomnik Ofiar Rzezi Pragi, ul. ≈öwiƒôtych Cyryla i Metodego",,,spacer
Co nas ≈ÇƒÖczy? - Noc Muze√≥w w Centrum My≈õli Jana Paw≈Ça II,Brak,13:00,≈ör√≥dmie≈õcie,Foksal 11,52.2336655,21.0221229,"dla dzieci, dla senior√≥w, impreza, koncert, spotkanie, warsztaty, wystawa, inne"
Uprzejmo≈õƒá i ≈ºyczliwo≈õƒá na co dzie≈Ñ - polepszanie jako≈õci kontakt√≥w z innymi lud≈∫mi - prelekcja,21.05.2025,18:30,≈ör√≥dmie≈õcie,"Klub Boho22, ≈ªurawia 22",52.2288697,21.0153776,"spotkanie, wyk≈Çad"
Mental Health Academy,27.05.2025,9:30,Ochota,"UCS (Dentistry Building), Aula 5.63, Uniwersyteckie Centrum Stomatologii CMWUM",,,"spotkanie, warsztaty, wyk≈Çad, po angielsku"
DJ sety w adidas Brand Center,17.05.2025,Brak,≈ör√≥dmie≈õcie,"adidas Brand Center, Marsza≈Çkowska 104/122",52.231713,21.0112173,"impreza, spotkanie, warsztaty, inne"
Miƒôdzynarodowe Targi KsiƒÖ≈ºki w Warszawie 2025,18.05.2025,Brak,≈ör√≥dmie≈õcie,Plac Defilad,52.2317625,21.0057792,"impreza, spotkanie, targi, gara≈º√≥wka, inne"
MOKOTONALIA 2025,23.05.2025,15:00,Mokot√≥w,Metro Wilanowska,52.179778,21.0237251,"dla dzieci, impreza, koncert, inne"
86. My≈õli Gonitwa w Sk≈Çadzie Butelek,21.05.2025,19:00,Praga-P√≥≈Çnoc,"Sk≈Çad Butelek, ul. 11 Listopada 22",52.2591563,21.0363849,"spotkanie, wyk≈Çad"
Dni Ursynowa 2025,13.06.2025,18:00,Ursyn√≥w,Kopa Cwila,52.1643056,21.0222367,"dla dzieci, impreza, koncert"
XIX Bemowski Festiwal Streetfoodu,23.05.2025,15:00,Bemowo,Park G√≥rczewska,52.2334519,20.9066377,inne
KINO LETNIE W CHONO LULU 2025,20.05.2025,20:00,Ochota,"Chono Lulu Bistro & Bar, Park Piƒôciu Si√≥str",,,film
XI Festiwal Muzyki Etnicznej KORZENIE EUROPY 2025,01.06.2025,14:00,Targ√≥wek,Park Br√≥dnowski,52.290394,21.0369106,"dla dzieci, impreza, koncert, warsztaty"
To by≈Ç maj... Dwuczƒô≈õciowy spacer po Saskiej Kƒôpie | czƒô≈õƒá 1.,Brak,13:00,Praga-Po≈Çudnie,Rondo Waszyngtona,52.238013,21.0513492,spacer
Lato to idealny czas na lasery ‚Äì sprawd≈∫ nowƒÖ promocjƒô w Klinice Ambroziak,Brak,Brak,Brak,waw4free,,,Brak
"Zamieszkaj w centrum, odpoczywaj nad jeziorem ‚Äì dwa sposoby na ≈ºycie z Novdom",Brak,Brak,Brak,waw4free,,,Brak
Brygada PorzƒÖdkowa podejmuje wyzwanie ochrony wody ‚Äì przedostatni etap projektu przed czerwcowym fina≈Çem!,Brak,Brak,Brak,waw4free,,,Brak
Nie jeste≈õ sam/a ‚Äì pierwsza pomoc psychologiczna dla dzieci i m≈Çodzie≈ºy na Pradze-P√≥≈Çnoc,Brak,Brak,Brak,waw4free,,,Brak
Bezp≈Çatny Trening Umiejƒôtno≈õci Spo≈Çecznych dla m≈Çodzie≈ºy (15‚Äì19 lat),Brak,Brak,Brak,waw4free,,,Brak
Bezp≈Çatne zajƒôcia z tenisa sto≈Çowego na Ursynowie,Brak,Brak,Brak,waw4free,,,Brak
Zobacz kolejne informacje >>,Brak,Brak,Brak,Brak szczeg√≥≈Çowych danych,,,Brak
Dzisiejsze wydarzenia,Brak,Brak,Brak,Brak szczeg√≥≈Çowych danych,,,Brak
Wyszukiwarka wydarze≈Ñ,Brak,Brak,Brak,Brak szczeg√≥≈Çowych danych,,,Brak
Miejsca polecane przez waw4free,Brak,Brak,Brak,Brak szczeg√≥≈Çowych danych,,,Brak
Newsletter waw4free,Brak,Brak,Brak,Brak szczeg√≥≈Çowych danych,,,Brak
Kana≈Ç waw4free,Brak,Brak,Brak,Brak szczeg√≥≈Çowych danych,,,Brak
Darmowy coworking w Warszawie,Brak,Brak,Brak,waw4free,,,Brak
Adoptuj flaminga! üòâ,Brak,Brak,Brak,Brak szczeg√≥≈Çowych danych,,,Brak
